label,query,join_buffer_size_bytes,optimistic_count,spill_count,duration_s
256KB,9d,262144,2,1,43.164199489
256KB,21a,262144,1,0,2.072841838
256KB,8b,262144,2,1,32.62273505
256KB,25b,262144,1,0,45.963666254
256KB,11b,262144,0,0,1.971246654
256KB,19c,262144,2,1,55.530207093
256KB,25a,262144,1,1,48.560552252
256KB,23a,262144,2,0,16.540658107
256KB,28c,262144,0,0,33.549398125
256KB,2c,262144,0,0,0.282435789
256KB,3b,262144,0,0,13.142715989
256KB,15a,262144,1,0,16.557577089
256KB,26c,262144,1,1,230.258541466
256KB,22d,262144,2,0,85.078428268
256KB,31c,262144,1,1,52.682777825
256KB,22a,262144,3,0,21.811278073
256KB,7b,262144,2,0,3.302692881
256KB,16d,262144,1,0,0.281785003
256KB,13c,262144,3,0,21.120891996
256KB,15c,262144,1,0,15.813538403
256KB,10b,262144,3,1,33.720548254
256KB,12b,262144,1,0,13.927881657
256KB,1a,262144,0,0,4.441041391
256KB,24b,262144,2,0,46.573992895
256KB,31a,262144,1,1,54.355270487
256KB,25c,262144,1,1,52.775534813
256KB,7c,262144,2,1,232.685035829
256KB,3c,262144,0,0,14.246522056
256KB,5b,262144,1,0,14.567123798
256KB,21b,262144,0,0,3.365669769
256KB,4b,262144,0,0,2.8567471429999998
256KB,18b,262144,2,0,10.663383007
256KB,27b,262144,1,0,3.351755608
256KB,6b,262144,2,0,4.026811845
256KB,13a,262144,1,0,24.382050128
256KB,22c,262144,2,0,46.187618597
256KB,2b,262144,0,0,0.272389776
256KB,8d,262144,2,1,145.073023732
256KB,23b,262144,1,0,16.60007318
256KB,2d,262144,0,0,0.284763519
256KB,4a,262144,0,0,6.15402272
256KB,20b,262144,1,1,53.160874783
256KB,17b,262144,2,0,0.631441381
256KB,29c,262144,2,1,44.103456823
256KB,17e,262144,1,0,0.271775675
256KB,6e,262144,2,0,3.957160294
256KB,4c,262144,0,0,6.671643581
256KB,14a,262144,1,0,26.928721449
256KB,9b,262144,2,1,34.118419676
256KB,7a,262144,2,0,3.247208712
256KB,11a,262144,0,0,2.018471895
256KB,11d,262144,2,0,4.992196718
256KB,18c,262144,1,1,47.270830313
256KB,6a,262144,2,0,4.03215722
256KB,20c,262144,1,1,294.232984291
256KB,18a,262144,1,1,58.18466999
256KB,17a,262144,1,0,0.284834238
256KB,17d,262144,2,0,0.607423083
256KB,30c,262144,2,1,65.99752917
256KB,14b,262144,2,0,15.527862095
256KB,23c,262144,2,0,16.639012349
256KB,1d,262144,0,0,3.7370244870000002
256KB,2a,262144,0,0,0.27798505
256KB,8a,262144,2,1,32.865027928
256KB,17c,262144,2,0,0.627792586
256KB,12a,262144,0,0,15.955879264
256KB,11c,262144,1,0,7.648737271
256KB,32a,262144,1,0,0.277336938
256KB,28b,262144,1,0,20.593275103
256KB,33b,262144,1,0,6.022692658
256KB,9c,262144,2,1,42.213149338
256KB,26a,262144,2,1,166.50878323
256KB,10c,262144,2,1,42.851255009
256KB,10a,262144,2,0,34.780040522
256KB,29a,262144,2,0,76.906050228
256KB,16a,262144,1,0,0.279387607
256KB,19a,262144,2,1,71.614349728
256KB,14c,262144,1,0,26.915531283
256KB,6c,262144,2,0,3.983462864
256KB,15d,262144,1,0,16.547800375
256KB,22b,262144,3,0,18.523621618
256KB,15b,262144,0,0,16.269440017
256KB,28a,262144,1,0,26.983647081
256KB,9a,262144,2,1,42.227993468
256KB,12c,262144,0,0,18.087772703
256KB,5a,262144,1,0,15.129018917
256KB,29b,262144,1,0,43.36611731
256KB,31b,262144,2,0,48.301652498
256KB,6d,262144,2,0,4.043522904
256KB,19b,262144,2,1,48.976590339
256KB,24a,262144,2,1,55.360698571
256KB,33c,262144,1,0,6.125287792
256KB,1c,262144,0,0,3.850647897
256KB,8c,262144,2,1,163.509505218
256KB,16b,262144,1,0,0.266604763
256KB,13b,262144,3,0,21.262711911
256KB,6f,262144,2,2,61.798531675
256KB,1b,262144,0,0,3.740872004
256KB,20a,262144,1,1,1449.784007904
256KB,16c,262144,1,0,0.278077961
256KB,13d,262144,1,0,85.248159079
256KB,30b,262144,1,0,36.802312815
256KB,21c,262144,1,0,1.979584897
256KB,26b,262144,2,1,163.071632121
256KB,3a,262144,0,0,13.674684028
256KB,27c,262144,1,0,3.447202719
256KB,30a,262144,1,1,58.000377316
256KB,17f,262144,2,0,0.599881701
256KB,33a,262144,1,0,6.232808307
256KB,32b,262144,1,0,0.279491868
256KB,19d,262144,3,1,59.76388744
256KB,27a,262144,1,0,3.38725295
256KB,5c,262144,1,0,15.564884386
384KB,9d,393216,2,1,41.412557546
384KB,21a,393216,1,0,1.949403658
384KB,8b,393216,2,1,31.632923393
384KB,25b,393216,1,0,44.612896326
384KB,11b,393216,0,0,2.022186798
384KB,19c,393216,2,1,55.658768602
384KB,25a,393216,1,1,48.440118179
384KB,23a,393216,0,0,16.462270259
384KB,28c,393216,0,0,30.50130344
384KB,2c,393216,0,0,0.283881118
384KB,3b,393216,0,0,13.134468637
384KB,15a,393216,1,0,16.055533763
384KB,26c,393216,1,1,196.371588514
384KB,22d,393216,2,0,89.07562398
384KB,31c,393216,1,1,52.584972345
384KB,22a,393216,3,0,20.443998499
384KB,7b,393216,2,0,3.24593576
384KB,16d,393216,1,0,0.292051075
384KB,13c,393216,3,0,21.525158044
384KB,15c,393216,1,0,15.786534481
384KB,10b,393216,3,1,34.138556846
384KB,12b,393216,1,0,13.997254328
384KB,1a,393216,0,0,4.617071714
384KB,24b,393216,2,0,47.644312238
384KB,31a,393216,1,0,54.613633935
384KB,25c,393216,1,1,51.458924472
384KB,7c,393216,2,1,230.473519499
384KB,3c,393216,0,0,14.144401636
384KB,5b,393216,1,0,14.545483476
384KB,21b,393216,0,0,3.4233023879999998
384KB,4b,393216,0,0,2.84457684
384KB,18b,393216,2,0,10.683265036
384KB,27b,393216,1,0,3.409032303
384KB,6b,393216,2,0,4.029536951
384KB,13a,393216,1,0,26.215888876
384KB,22c,393216,2,0,41.014263067
384KB,2b,393216,0,0,0.274444699
384KB,8d,393216,2,1,136.587591884
384KB,23b,393216,1,0,16.138356443
384KB,2d,393216,0,0,0.289533867
384KB,4a,393216,0,0,6.976328305
384KB,20b,393216,1,1,48.422864598
384KB,17b,393216,2,0,0.606688225
384KB,29c,393216,2,1,42.551558584
384KB,17e,393216,1,0,0.282963162
384KB,6e,393216,2,0,4.010062019
384KB,4c,393216,0,0,7.617283848
384KB,14a,393216,1,0,28.334656128
384KB,9b,393216,2,1,33.811457719
384KB,7a,393216,2,0,3.239807449
384KB,11a,393216,0,0,1.880425209
384KB,11d,393216,2,0,5.115932797
384KB,18c,393216,1,1,47.244040401
384KB,6a,393216,2,0,4.008411273
384KB,20c,393216,1,1,314.608066286
384KB,18a,393216,1,1,59.73174789
384KB,17a,393216,1,0,0.282031502
384KB,17d,393216,2,0,0.606056291
384KB,30c,393216,2,1,65.975750215
384KB,14b,393216,2,0,15.642392758
384KB,23c,393216,0,0,16.388692481
384KB,1d,393216,0,0,3.741888735
384KB,2a,393216,0,0,0.305624542
384KB,8a,393216,2,1,32.84043983
384KB,17c,393216,2,0,0.606648829
384KB,12a,393216,0,0,16.069669317
384KB,11c,393216,1,0,7.708798669
384KB,32a,393216,1,0,0.278722508
384KB,28b,393216,1,0,20.0407373
384KB,33b,393216,1,0,6.035622364
384KB,9c,393216,2,1,41.686897977
384KB,26a,393216,2,1,137.348893118
384KB,10c,393216,2,1,42.524609008
384KB,10a,393216,2,0,35.637081724
384KB,29a,393216,2,0,71.220122068
384KB,16a,393216,1,0,0.274384193
384KB,19a,393216,2,1,66.350695131
384KB,14c,393216,1,0,28.09650385
384KB,6c,393216,2,0,4.027026792
384KB,15d,393216,1,0,15.791003837
384KB,22b,393216,3,0,18.553129389
384KB,15b,393216,1,0,17.420396047
384KB,28a,393216,1,0,25.65749631
384KB,9a,393216,2,1,40.904657889
384KB,12c,393216,0,0,18.60181292
384KB,5a,393216,1,0,14.980987759
384KB,29b,393216,1,0,50.548436785
384KB,31b,393216,2,0,48.077547168
384KB,6d,393216,2,0,4.052022251
384KB,19b,393216,2,1,47.586682868
384KB,24a,393216,2,1,54.271391679
384KB,33c,393216,1,0,6.151340484
384KB,1c,393216,0,0,3.87936687
384KB,8c,393216,2,1,150.923121325
384KB,16b,393216,1,0,0.294060577
384KB,13b,393216,3,0,22.748619191
384KB,6f,393216,2,2,61.084455609
384KB,1b,393216,0,0,3.68696379
384KB,20a,393216,1,1,1192.422264529
384KB,16c,393216,1,0,0.269769311
384KB,13d,393216,1,0,70.010451921
384KB,30b,393216,1,0,36.517492693
384KB,21c,393216,1,0,1.9290543150000001
384KB,26b,393216,2,1,133.050883498
384KB,3a,393216,0,0,13.657835634
384KB,27c,393216,1,0,3.370372676
384KB,30a,393216,1,1,54.581813571
384KB,17f,393216,2,0,0.633960255
384KB,33a,393216,1,0,6.064663051
384KB,32b,393216,1,0,0.273970235
384KB,19d,393216,3,1,52.959508955
384KB,27a,393216,1,0,3.373655601
384KB,5c,393216,1,0,15.591130579
512KB,9d,524288,2,1,41.686824086
512KB,21a,524288,1,0,1.915746633
512KB,8b,524288,2,1,30.842852662
512KB,25b,524288,1,0,44.43002429
512KB,11b,524288,0,0,1.931565805
512KB,19c,524288,2,1,55.181006062
512KB,25a,524288,1,1,49.418509663
512KB,23a,524288,0,0,16.491625057
512KB,28c,524288,0,0,28.116961007
512KB,2c,524288,0,0,0.277910727
512KB,3b,524288,0,0,13.101981975
512KB,15a,524288,1,0,16.155492324
512KB,26c,524288,1,1,182.35481154
512KB,22d,524288,2,0,77.458129408
512KB,31c,524288,1,1,51.807648668
512KB,22a,524288,3,0,19.939700244
512KB,7b,524288,2,0,3.190766588
512KB,16d,524288,1,0,0.278372239
512KB,13c,524288,3,0,21.040050363
512KB,15c,524288,1,0,15.741405908
512KB,10b,524288,3,1,34.128187882
512KB,12b,524288,1,0,13.914212034
512KB,1a,524288,0,0,4.492680014
512KB,24b,524288,2,0,46.458671812
512KB,31a,524288,1,0,54.126286173
512KB,25c,524288,1,1,51.3783395
512KB,7c,524288,2,1,210.582513535
512KB,3c,524288,0,0,14.508157845
512KB,5b,524288,1,0,14.81576211
512KB,21b,524288,0,0,3.4115713100000002
512KB,4b,524288,0,0,2.7622238120000002
512KB,18b,524288,2,0,10.764955649000001
512KB,27b,524288,1,0,3.424289836
512KB,6b,524288,2,0,4.007671553
512KB,13a,524288,1,0,23.705637434
512KB,22c,524288,2,0,39.975574073
512KB,2b,524288,0,0,0.269724801
512KB,8d,524288,2,1,132.490078831
512KB,23b,524288,1,0,16.395406392
512KB,2d,524288,0,0,0.271773861
512KB,4a,524288,0,0,5.9172856209999996
512KB,20b,524288,1,1,42.399628115
512KB,17b,524288,2,0,0.606028585
512KB,29c,524288,2,1,42.586486151
512KB,17e,524288,1,0,0.27378026
512KB,6e,524288,2,0,4.083069141
512KB,4c,524288,0,0,6.942785548
512KB,14a,524288,1,0,30.453090684
512KB,9b,524288,2,1,34.032460809
512KB,7a,524288,2,0,3.189820757
512KB,11a,524288,0,0,1.947525097
512KB,11d,524288,2,0,5.015978081
512KB,18c,524288,1,1,47.005233272
512KB,6a,524288,2,0,4.02956615
512KB,20c,524288,1,1,296.50961233
512KB,18a,524288,1,1,56.618829725
512KB,17a,524288,1,0,0.282399732
512KB,17d,524288,2,0,0.588471353
512KB,30c,524288,2,1,62.259077993
512KB,14b,524288,2,0,15.650440651
512KB,23c,524288,0,0,16.311138417
512KB,1d,524288,0,0,3.716375192
512KB,2a,524288,0,0,0.279140166
512KB,8a,524288,2,1,32.896173283
512KB,17c,524288,2,0,0.566820606
512KB,12a,524288,0,0,16.111102584
512KB,11c,524288,1,0,7.76147883
512KB,32a,524288,1,0,0.282844507
512KB,28b,524288,1,0,19.710437648
512KB,33b,524288,1,0,5.966052359
512KB,9c,524288,2,1,41.203538775
512KB,26a,524288,2,1,110.520361173
512KB,10c,524288,2,1,42.997126525
512KB,10a,524288,2,0,34.991909603
512KB,29a,524288,2,0,68.705925017
512KB,16a,524288,1,0,0.283241759
512KB,19a,524288,2,1,62.761793443
512KB,14c,524288,1,0,30.467530162
512KB,6c,524288,2,0,3.9992260120000003
512KB,15d,524288,1,0,15.902700786
512KB,22b,524288,3,0,18.358812761
512KB,15b,524288,1,0,15.999364777
512KB,28a,524288,1,0,24.87782062
512KB,9a,524288,2,1,41.912934992
512KB,12c,524288,0,0,18.688592492
512KB,5a,524288,1,0,15.083942943
512KB,29b,524288,1,0,50.151699463
512KB,31b,524288,2,0,47.661017008
512KB,6d,524288,2,0,3.998173051
512KB,19b,524288,2,1,46.966540062
512KB,24a,524288,2,1,54.098977396
512KB,33c,524288,1,0,6.12135463
512KB,1c,524288,0,0,3.873497986
512KB,8c,524288,2,1,144.952072727
512KB,16b,524288,1,0,0.273500096
512KB,13b,524288,3,0,21.204212037
512KB,6f,524288,2,2,59.098102616
512KB,1b,524288,0,0,3.705575696
512KB,20a,524288,1,1,1083.929993595
512KB,16c,524288,1,0,0.2713135
512KB,13d,524288,1,0,83.819420078
512KB,30b,524288,1,0,36.25543931
512KB,21c,524288,1,0,1.944851581
512KB,26b,524288,2,1,107.866964311
512KB,3a,524288,0,0,13.62251413
512KB,27c,524288,1,0,3.404040824
512KB,30a,524288,1,1,52.368095732
512KB,17f,524288,2,0,0.611280342
512KB,33a,524288,1,0,6.012076423
512KB,32b,524288,1,0,0.263358317
512KB,19d,524288,3,1,52.428459398
512KB,27a,524288,1,0,3.394293082
512KB,5c,524288,1,0,15.752302444
768KB,9d,786432,2,1,41.160256196
768KB,21a,786432,1,0,1.95888887
768KB,8b,786432,2,1,30.423831366
768KB,25b,786432,1,0,44.778869664
768KB,11b,786432,0,0,1.941810683
768KB,19c,786432,2,1,54.701429122
768KB,25a,786432,1,1,48.477840459
768KB,23a,786432,0,0,16.445251241
768KB,28c,786432,0,0,25.876644991
768KB,2c,786432,0,0,0.264728916
768KB,3b,786432,0,0,13.028763001
768KB,15a,786432,1,0,16.038314567
768KB,26c,786432,1,1,162.673116244
768KB,22d,786432,2,0,68.376346575
768KB,31c,786432,1,1,52.410662503
768KB,22a,786432,3,0,19.881666244
768KB,7b,786432,2,0,3.221553262
768KB,16d,786432,1,0,0.268493882
768KB,13c,786432,3,0,21.818617017
768KB,15c,786432,1,0,15.848118765
768KB,10b,786432,3,1,33.689284611
768KB,12b,786432,1,0,14.044600874
768KB,1a,786432,0,0,4.431160957
768KB,24b,786432,2,0,46.795478285
768KB,31a,786432,1,0,53.973731421
768KB,25c,786432,1,1,51.738647531
768KB,7c,786432,2,1,209.704441433
768KB,3c,786432,0,0,14.085984086
768KB,5b,786432,1,0,14.46160928
768KB,21b,786432,0,0,3.387721558
768KB,4b,786432,0,0,2.839681371
768KB,18b,786432,2,0,10.586293483
768KB,27b,786432,1,0,3.316928575
768KB,6b,786432,2,0,4.096961574
768KB,13a,786432,1,0,26.412478111
768KB,22c,786432,2,0,36.411596728
768KB,2b,786432,0,0,0.271937523
768KB,8d,786432,2,1,123.891333339
768KB,23b,786432,1,0,16.3146652
768KB,2d,786432,0,0,0.2993389
768KB,4a,786432,0,0,6.539804606
768KB,20b,786432,1,1,42.752903045
768KB,17b,786432,2,0,0.584619947
768KB,29c,786432,1,1,76.976866838
768KB,17e,786432,1,0,0.285337347
768KB,6e,786432,2,0,3.9593860149999998
768KB,4c,786432,0,0,7.342663063
768KB,14a,786432,1,0,28.423309535
768KB,9b,786432,2,1,33.866446724
768KB,7a,786432,2,0,3.24633561
768KB,11a,786432,0,0,1.983897373
768KB,11d,786432,2,0,4.753381134
768KB,18c,786432,1,1,47.357094462
768KB,6a,786432,2,0,3.9985326900000002
768KB,20c,786432,1,1,272.172711947
768KB,18a,786432,1,1,59.71153004
768KB,17a,786432,1,0,0.264222276
768KB,17d,786432,2,0,0.579611863
768KB,30c,786432,2,1,63.448949228
768KB,14b,786432,2,0,15.572723353
768KB,23c,786432,0,0,16.440617876
768KB,1d,786432,0,0,3.6735737840000002
768KB,2a,786432,0,0,0.267986129
768KB,8a,786432,2,1,32.693263824
768KB,17c,786432,2,0,0.570412029
768KB,12a,786432,0,0,15.903790389
768KB,11c,786432,1,0,7.02479772
768KB,32a,786432,1,0,0.285524451
768KB,28b,786432,1,0,19.763305133
768KB,33b,786432,1,0,6.014539414
768KB,9c,786432,2,1,41.29918576
768KB,26a,786432,2,1,90.047659213
768KB,10c,786432,2,1,42.261540807
768KB,10a,786432,2,0,34.795082647
768KB,29a,786432,2,0,51.169671187
768KB,16a,786432,1,0,0.270953799
768KB,19a,786432,2,1,59.98072281
768KB,14c,786432,1,0,28.53246346
768KB,6c,786432,2,0,4.022367835
768KB,15d,786432,1,0,15.783555301
768KB,22b,786432,3,0,18.649071095
768KB,15b,786432,1,0,16.161751628
768KB,28a,786432,1,0,24.048612994
768KB,9a,786432,2,1,42.211194858
768KB,12c,786432,0,0,18.606320412
768KB,5a,786432,1,0,14.953874228
768KB,29b,786432,1,0,49.215461006
768KB,31b,786432,2,0,47.843461499
768KB,6d,786432,2,0,3.915081702
768KB,19b,786432,2,1,46.385200757
768KB,24a,786432,2,1,54.441352651
768KB,33c,786432,1,0,6.15053306
768KB,1c,786432,0,0,4.019860364
768KB,8c,786432,2,1,137.428746615
768KB,16b,786432,1,0,0.288424854
768KB,13b,786432,3,0,21.78460763
768KB,6f,786432,2,2,58.572797796
768KB,1b,786432,0,0,3.645569986
768KB,20a,786432,1,1,989.750091723
768KB,16c,786432,1,0,0.298304814
768KB,13d,786432,1,0,68.78152819
768KB,30b,786432,1,0,35.889781228
768KB,21c,786432,1,0,1.963555896
768KB,26b,786432,2,1,88.37271958
768KB,3a,786432,0,0,13.494129274
768KB,27c,786432,1,0,3.37245942
768KB,30a,786432,2,1,47.658905957
768KB,17f,786432,2,0,0.566966035
768KB,33a,786432,1,0,6.330278158
768KB,32b,786432,1,0,0.280448257
768KB,19d,786432,3,1,52.193094362
768KB,27a,786432,1,0,3.349274788
768KB,5c,786432,1,0,15.458227102
1MB,9d,1048576,2,1,41.658047646
1MB,21a,1048576,1,0,1.967824418
1MB,8b,1048576,2,1,30.845671181
1MB,25b,1048576,1,0,44.586081812
1MB,11b,1048576,0,0,1.8884538229999999
1MB,19c,1048576,2,1,55.355009534
1MB,25a,1048576,1,1,47.677541398
1MB,23a,1048576,0,0,16.266506419
1MB,28c,1048576,0,0,25.812938818
1MB,2c,1048576,0,0,0.310521618
1MB,3b,1048576,0,0,13.013939628
1MB,15a,1048576,1,0,16.110665566
1MB,26c,1048576,1,0,152.472772018
1MB,22d,1048576,2,0,63.401894997
1MB,31c,1048576,1,0,51.473291229
1MB,22a,1048576,3,0,19.248600821
1MB,7b,1048576,2,0,3.213556124
1MB,16d,1048576,1,0,0.261820971
1MB,13c,1048576,3,0,23.79177604
1MB,15c,1048576,1,0,15.960823881
1MB,10b,1048576,3,1,33.543051297
1MB,12b,1048576,1,0,13.841092784
1MB,1a,1048576,0,0,4.370692741
1MB,24b,1048576,2,0,46.666110496
1MB,31a,1048576,1,0,53.767194668
1MB,25c,1048576,1,1,51.252623189
1MB,7c,1048576,2,1,238.08091144
1MB,3c,1048576,0,0,14.215538824
1MB,5b,1048576,1,0,14.451247589
1MB,21b,1048576,0,0,3.336547255
1MB,4b,1048576,0,0,2.753147142
1MB,18b,1048576,2,0,10.625891627
1MB,27b,1048576,1,0,3.342535184
1MB,6b,1048576,2,0,3.899946446
1MB,13a,1048576,1,0,23.418075866
1MB,22c,1048576,2,0,34.819486724
1MB,2b,1048576,0,0,0.283922327
1MB,8d,1048576,2,1,129.919759169
1MB,23b,1048576,1,0,16.229206685
1MB,2d,1048576,0,0,0.28244777
1MB,4a,1048576,0,0,7.422222859
1MB,20b,1048576,1,0,29.271476181
1MB,17b,1048576,2,0,0.621230805
1MB,29c,1048576,1,1,5069.012143369
1MB,17e,1048576,1,0,0.286121055
1MB,6e,1048576,2,0,3.99095323
1MB,4c,1048576,0,0,8.474527265
1MB,14a,1048576,1,0,30.376300992
1MB,9b,1048576,2,1,33.893589972
1MB,7a,1048576,2,0,3.242746864
1MB,11a,1048576,0,0,1.907757831
1MB,11d,1048576,2,0,4.716648944
1MB,18c,1048576,1,1,47.111006117
1MB,6a,1048576,2,0,4.017383902
1MB,20c,1048576,1,0,244.992080708
1MB,18a,1048576,1,1,56.614901097
1MB,17a,1048576,1,0,0.283573792
1MB,17d,1048576,2,0,0.583238938
1MB,30c,1048576,2,1,61.114389262
1MB,14b,1048576,2,0,15.501660245
1MB,23c,1048576,0,0,16.416806447
1MB,1d,1048576,0,0,3.60369144
1MB,2a,1048576,0,0,0.261662803
1MB,8a,1048576,2,1,32.80495918
1MB,17c,1048576,2,0,0.562961079
1MB,12a,1048576,0,0,15.069296909
1MB,11c,1048576,1,0,6.794491059
1MB,32a,1048576,1,0,0.284616136
1MB,28b,1048576,1,0,18.838988974
1MB,33b,1048576,1,0,6.085428023
1MB,9c,1048576,2,1,42.085035913
1MB,26a,1048576,2,1,77.706342397
1MB,10c,1048576,2,1,43.390793121
1MB,10a,1048576,2,0,34.816575854999996
1MB,29a,1048576,2,0,50.805669653
1MB,16a,1048576,1,0,0.30522435
1MB,19a,1048576,2,1,57.843157626
1MB,14c,1048576,1,0,30.609021914
1MB,6c,1048576,2,0,3.96262699
1MB,15d,1048576,1,0,15.558730712
1MB,22b,1048576,3,0,18.472952173
1MB,15b,1048576,1,0,16.071047826
1MB,28a,1048576,1,0,23.684659457
1MB,9a,1048576,2,1,43.553788901
1MB,12c,1048576,0,0,18.71296797
1MB,5a,1048576,1,0,15.062253043
1MB,29b,1048576,1,0,48.762693466
1MB,31b,1048576,2,0,48.377098308
1MB,6d,1048576,2,0,4.009279808
1MB,19b,1048576,2,1,46.361742751
1MB,24a,1048576,2,1,54.698094041
1MB,33c,1048576,1,0,6.121153299
1MB,1c,1048576,0,0,3.844806841
1MB,8c,1048576,2,1,142.650375408
1MB,16b,1048576,1,0,0.278773786
1MB,13b,1048576,3,0,24.096629534
1MB,6f,1048576,2,2,58.372759932
1MB,1b,1048576,0,0,3.666519675
1MB,20a,1048576,1,1,942.323285453
1MB,16c,1048576,1,0,0.269664691
1MB,13d,1048576,1,0,86.579270773
1MB,30b,1048576,1,0,35.462540907
1MB,21c,1048576,1,0,1.91306859
1MB,26b,1048576,2,1,74.077050403
1MB,3a,1048576,0,0,13.606863519000001
1MB,27c,1048576,1,0,3.46362608
1MB,30a,1048576,2,1,46.677834632
1MB,17f,1048576,2,0,0.57363629
1MB,33a,1048576,1,0,6.077042465
1MB,32b,1048576,1,0,0.270063217
1MB,19d,1048576,3,1,53.360456
1MB,27a,1048576,1,0,3.351761379
1MB,5c,1048576,1,0,15.367794011
1.5MB,9d,1572864,2,1,42.668526874
1.5MB,21a,1572864,1,0,1.89802374
1.5MB,8b,1572864,2,0,30.566413764
1.5MB,25b,1572864,1,0,44.579294064
1.5MB,11b,1572864,0,0,2.009237851
1.5MB,19c,1572864,2,1,55.621149235
1.5MB,25a,1572864,1,0,46.775645475
1.5MB,23a,1572864,0,0,16.15414346
1.5MB,28c,1572864,1,0,20.30893465
1.5MB,2c,1572864,0,0,0.281150489
1.5MB,3b,1572864,0,0,13.018765341
1.5MB,15a,1572864,1,0,16.327495865
1.5MB,26c,1572864,2,0,1198.422827387
1.5MB,22d,1572864,2,0,58.7596363
1.5MB,31c,1572864,1,0,51.373402275
1.5MB,22a,1572864,3,0,19.385294319
1.5MB,7b,1572864,2,0,3.164685834
1.5MB,16d,1572864,1,0,0.30576639
1.5MB,13c,1572864,3,0,22.786569153
1.5MB,15c,1572864,1,0,15.691587524
1.5MB,10b,1572864,3,0,32.972579437
1.5MB,12b,1572864,1,0,13.955133958
1.5MB,1a,1572864,0,0,4.483134558
1.5MB,24b,1572864,2,0,46.36428181
1.5MB,31a,1572864,1,0,53.479306648
1.5MB,25c,1572864,1,1,51.279443611
1.5MB,7c,1572864,2,1,48.864351883
1.5MB,3c,1572864,0,0,13.776221378
1.5MB,5b,1572864,1,0,14.637669806
1.5MB,21b,1572864,0,0,3.314548298
1.5MB,4b,1572864,0,0,2.698888328
1.5MB,18b,1572864,2,0,10.501237271
1.5MB,27b,1572864,1,0,3.3920749
1.5MB,6b,1572864,2,0,4.018500772
1.5MB,13a,1572864,1,0,25.500141509
1.5MB,22c,1572864,2,0,33.172805812
1.5MB,2b,1572864,0,0,0.269375054
1.5MB,8d,1572864,2,1,124.672512128
1.5MB,23b,1572864,1,0,16.255869811
1.5MB,2d,1572864,0,0,0.278807664
1.5MB,4a,1572864,0,0,8.590579713
1.5MB,20b,1572864,1,0,29.780436985
1.5MB,17b,1572864,2,0,0.588174006
1.5MB,29c,1572864,0,0,3147.355673788
1.5MB,17e,1572864,1,0,0.264205109
1.5MB,6e,1572864,2,0,4.068240655
1.5MB,4c,1572864,0,0,10.537547272
1.5MB,14a,1572864,1,0,29.277968899
1.5MB,9b,1572864,2,1,33.942528541
1.5MB,7a,1572864,2,0,3.284552891
1.5MB,11a,1572864,0,0,1.9367278589999999
1.5MB,11d,1572864,2,0,4.712299683
1.5MB,18c,1572864,1,1,47.270711442
1.5MB,6a,1572864,2,0,3.989667308
1.5MB,20c,1572864,1,0,239.709696456
1.5MB,18a,1572864,1,1,60.003725737
1.5MB,17a,1572864,1,0,0.296685334
1.5MB,17d,1572864,2,0,0.5711194
1.5MB,30c,1572864,2,1,57.082750103
1.5MB,14b,1572864,2,0,15.543548771
1.5MB,23c,1572864,0,0,16.365146735
1.5MB,1d,1572864,0,0,3.616625228
1.5MB,2a,1572864,0,0,0.281515224
1.5MB,8a,1572864,2,1,32.715012172
1.5MB,17c,1572864,2,0,0.578650548
1.5MB,12a,1572864,0,0,15.132889571
1.5MB,11c,1572864,1,0,6.797828383
1.5MB,32a,1572864,1,0,0.279167719
1.5MB,28b,1572864,1,0,18.809986872
1.5MB,33b,1572864,1,0,6.088962258
1.5MB,9c,1572864,2,1,42.274393217
1.5MB,26a,1572864,2,1,70.454959827
1.5MB,10c,1572864,2,1,43.258138261
1.5MB,10a,1572864,2,0,34.728454498
1.5MB,29a,1572864,2,0,42.726050537
1.5MB,16a,1572864,1,0,0.284181566
1.5MB,19a,1572864,2,1,56.149060086
1.5MB,14c,1572864,1,0,29.467619979
1.5MB,6c,1572864,2,0,4.026872916
1.5MB,15d,1572864,1,0,15.425181069
1.5MB,22b,1572864,3,0,19.024362452
1.5MB,15b,1572864,1,0,17.660539214
1.5MB,28a,1572864,1,0,22.690351816
1.5MB,9a,1572864,2,1,42.431227141
1.5MB,12c,1572864,0,0,18.895316589
1.5MB,5a,1572864,1,0,15.129061112
1.5MB,29b,1572864,1,0,47.922771257
1.5MB,31b,1572864,2,0,47.661951239
1.5MB,6d,1572864,2,0,3.979274161
1.5MB,19b,1572864,2,1,45.754558716
1.5MB,24a,1572864,2,1,54.630661087
1.5MB,33c,1572864,1,0,6.255771109
1.5MB,1c,1572864,0,0,3.496469923
1.5MB,8c,1572864,2,1,135.698053687
1.5MB,16b,1572864,1,0,0.285892085
1.5MB,13b,1572864,3,0,23.449072353
1.5MB,6f,1572864,2,2,57.757704947
1.5MB,1b,1572864,0,0,3.645430667
1.5MB,20a,1572864,1,1,901.404441168
1.5MB,16c,1572864,1,0,0.272624494
1.5MB,13d,1572864,1,0,70.409224801
1.5MB,30b,1572864,1,0,35.720888559
1.5MB,21c,1572864,1,0,1.946157152
1.5MB,26b,1572864,2,1,69.351028226
1.5MB,3a,1572864,0,0,13.292908005
1.5MB,27c,1572864,1,0,3.381809618
1.5MB,30a,1572864,1,0,45.495484423
1.5MB,17f,1572864,2,0,0.620671253
1.5MB,33a,1572864,1,0,6.077817134
1.5MB,32b,1572864,1,0,0.302335384
1.5MB,19d,1572864,3,1,53.341739889
1.5MB,27a,1572864,1,0,3.366045907
1.5MB,5c,1572864,1,0,15.696910801
2MB,9d,2097152,2,1,41.371661748
2MB,21a,2097152,1,0,1.920367342
2MB,8b,2097152,2,0,30.350991093
2MB,25b,2097152,1,0,44.453078374
2MB,11b,2097152,0,0,1.96818077
2MB,19c,2097152,2,1,55.067775018
2MB,25a,2097152,1,0,46.627175633
2MB,23a,2097152,0,0,16.201621852
2MB,28c,2097152,1,0,20.083678055
2MB,2c,2097152,0,0,0.271931047
2MB,3b,2097152,0,0,13.062517666
2MB,15a,2097152,1,0,16.037564712
2MB,26c,2097152,2,0,1222.725641004
2MB,22d,2097152,2,0,56.416852979
2MB,31c,2097152,1,0,52.444137987
2MB,22a,2097152,3,0,19.139974615
2MB,7b,2097152,2,0,3.170519071
2MB,16d,2097152,1,0,0.316720979
2MB,13c,2097152,3,0,23.683374146
2MB,15c,2097152,1,0,15.781811273
2MB,10b,2097152,3,0,33.126672032
2MB,12b,2097152,1,0,14.053692047
2MB,1a,2097152,0,0,4.4592395
2MB,24b,2097152,2,0,46.466551306
2MB,31a,2097152,1,0,53.191635168
2MB,25c,2097152,1,1,50.920871133
2MB,7c,2097152,2,0,34.725100908
2MB,3c,2097152,0,0,13.789485719
2MB,5b,2097152,1,0,14.551954995
2MB,21b,2097152,0,0,3.329254796
2MB,4b,2097152,0,0,2.859439315
2MB,18b,2097152,2,0,10.418146366
2MB,27b,2097152,1,0,3.297742338
2MB,6b,2097152,2,0,4.022514456
2MB,13a,2097152,1,0,22.461859485
2MB,22c,2097152,1,0,32.197054494
2MB,2b,2097152,0,0,0.268719399
2MB,8d,2097152,2,1,128.698346039
2MB,23b,2097152,1,0,16.042696476
2MB,2d,2097152,0,0,0.275743749
2MB,4a,2097152,0,0,7.7259148920000005
2MB,20b,2097152,1,0,29.449336112
2MB,17b,2097152,2,0,0.597482755
2MB,29c,2097152,1,0,53.980255018
2MB,17e,2097152,1,0,0.270094698
2MB,6e,2097152,2,0,4.020532129
2MB,4c,2097152,0,0,9.264013499
2MB,14a,2097152,1,0,27.9279067
2MB,9b,2097152,2,1,33.245328014
2MB,7a,2097152,2,0,3.2434969
2MB,11a,2097152,0,0,1.940681002
2MB,11d,2097152,2,0,4.66768161
2MB,18c,2097152,1,1,47.485468545
2MB,6a,2097152,2,0,4.000339579
2MB,20c,2097152,1,0,241.682818818
2MB,18a,2097152,1,1,63.039598196
2MB,17a,2097152,1,0,0.289136204
2MB,17d,2097152,2,0,0.583835599
2MB,30c,2097152,2,1,74.482473183
2MB,14b,2097152,2,0,15.586079041
2MB,23c,2097152,0,0,16.285669205
2MB,1d,2097152,0,0,3.681553452
2MB,2a,2097152,0,0,0.268805386
2MB,8a,2097152,2,1,32.512977459
2MB,17c,2097152,2,0,0.581652516
2MB,12a,2097152,0,0,14.909308719
2MB,11c,2097152,1,0,6.766191258
2MB,32a,2097152,1,0,0.275708365
2MB,28b,2097152,1,0,18.677508759
2MB,33b,2097152,1,0,6.122527402
2MB,9c,2097152,2,1,41.595011287
2MB,26a,2097152,2,1,67.794054499
2MB,10c,2097152,2,1,42.77960671
2MB,10a,2097152,2,0,35.472975309
2MB,29a,2097152,2,0,42.595351743
2MB,16a,2097152,1,0,0.273626831
2MB,19a,2097152,2,1,54.978681947
2MB,14c,2097152,1,0,27.694818365
2MB,6c,2097152,2,0,4.023505085
2MB,15d,2097152,1,0,15.446859691
2MB,22b,2097152,3,0,18.555519801
2MB,15b,2097152,1,0,17.1586506
2MB,28a,2097152,1,0,22.323257787
2MB,9a,2097152,2,1,41.494535542
2MB,12c,2097152,0,0,18.498870826
2MB,5a,2097152,1,0,15.237790215
2MB,29b,2097152,2,0,44.95462171
2MB,31b,2097152,2,0,48.081355514
2MB,6d,2097152,2,0,3.918647751
2MB,19b,2097152,2,1,45.373312032
2MB,24a,2097152,2,1,54.320608859000004
2MB,33c,2097152,1,0,6.084884843
2MB,1c,2097152,0,0,3.436088188
2MB,8c,2097152,2,1,142.416270252
2MB,16b,2097152,1,0,0.283434901
2MB,13b,2097152,3,0,24.344802174
2MB,6f,2097152,2,2,58.683335058
2MB,1b,2097152,0,0,3.70505268
2MB,20a,2097152,1,1,867.368506125
2MB,16c,2097152,1,0,0.269571014
2MB,13d,2097152,1,0,86.402468501
2MB,30b,2097152,1,0,34.621701671
2MB,21c,2097152,1,0,1.915638882
2MB,26b,2097152,2,1,64.449633388
2MB,3a,2097152,0,0,13.600430879
2MB,27c,2097152,1,0,3.4058692219999998
2MB,30a,2097152,1,0,46.190741405
2MB,17f,2097152,2,0,0.57975926
2MB,33a,2097152,1,0,6.121947763
2MB,32b,2097152,1,0,0.291537608
2MB,19d,2097152,3,1,52.825433983
2MB,27a,2097152,1,0,3.284365483
2MB,5c,2097152,1,0,15.502608427
3MB,9d,3145728,2,1,40.840151691
3MB,21a,3145728,1,0,1.934492205
3MB,8b,3145728,2,0,30.60684555
3MB,25b,3145728,1,0,43.831593796
3MB,11b,3145728,0,0,1.901066256
3MB,19c,3145728,2,1,54.381292913
3MB,25a,3145728,1,0,46.491580945
3MB,23a,3145728,0,0,16.402815871
3MB,28c,3145728,1,0,19.558396697
3MB,2c,3145728,0,0,0.277524478
3MB,3b,3145728,0,0,12.984851495000001
3MB,15a,3145728,1,0,16.034070133
3MB,26c,3145728,2,0,1197.013254395
3MB,22d,3145728,2,0,53.431934222
3MB,31c,3145728,1,0,51.502742947
3MB,22a,3145728,3,0,18.790111703
3MB,7b,3145728,2,0,3.15572328
3MB,16d,3145728,1,0,0.279889789
3MB,13c,3145728,3,0,23.810230298
3MB,15c,3145728,1,0,15.683145536
3MB,10b,3145728,3,0,33.071289776
3MB,12b,3145728,1,0,13.856265894
3MB,1a,3145728,0,0,4.001102616
3MB,24b,3145728,2,0,46.215071336
3MB,31a,3145728,1,0,53.613957493
3MB,25c,3145728,1,1,51.178444856
3MB,7c,3145728,2,0,35.242467217
3MB,3c,3145728,0,0,13.719238333
3MB,5b,3145728,1,0,14.504436903
3MB,21b,3145728,1,0,4.819306439
3MB,4b,3145728,0,0,2.774895742
3MB,18b,3145728,2,0,10.457806044
3MB,27b,3145728,1,0,3.348850214
3MB,6b,3145728,2,0,3.978378423
3MB,13a,3145728,1,0,23.290765227
3MB,22c,3145728,1,0,30.956875317
3MB,2b,3145728,0,0,0.277471444
3MB,8d,3145728,2,1,125.817363096
3MB,23b,3145728,1,0,16.156933864
3MB,2d,3145728,0,0,0.293124615
3MB,4a,3145728,0,0,6.471374806
3MB,20b,3145728,1,0,29.6300275
3MB,17b,3145728,2,0,0.561264547
3MB,29c,3145728,2,0,41.268699817
3MB,17e,3145728,1,0,0.261698971
3MB,6e,3145728,2,0,3.973725604
3MB,4c,3145728,0,0,7.319039729
3MB,14a,3145728,1,0,25.849099917
3MB,9b,3145728,2,1,33.495491591
3MB,7a,3145728,2,0,3.13465178
3MB,11a,3145728,0,0,1.947384598
3MB,11d,3145728,2,0,4.6718653230000005
3MB,18c,3145728,1,1,46.904217986
3MB,6a,3145728,2,0,4.022739354
3MB,20c,3145728,1,0,105.84328308
3MB,18a,3145728,1,1,59.894281828
3MB,17a,3145728,1,0,0.268514696
3MB,17d,3145728,2,0,0.586654288
3MB,30c,3145728,2,1,67.205573787
3MB,14b,3145728,2,0,15.491816528
3MB,23c,3145728,0,0,16.413969677
3MB,1d,3145728,0,0,3.672053108
3MB,2a,3145728,0,0,0.265796037
3MB,8a,3145728,2,1,32.437128029
3MB,17c,3145728,2,0,0.589691077
3MB,12a,3145728,0,0,14.991661214
3MB,11c,3145728,1,0,6.140095284
3MB,32a,3145728,1,0,0.281120667
3MB,28b,3145728,0,0,18.428121543
3MB,33b,3145728,1,0,6.012258404
3MB,9c,3145728,2,1,40.692996425
3MB,26a,3145728,2,1,60.341007861
3MB,10c,3145728,2,1,41.584163608
3MB,10a,3145728,2,0,34.480713418
3MB,29a,3145728,2,0,49.12628842
3MB,16a,3145728,1,0,0.283728089
3MB,19a,3145728,2,1,53.55455768
3MB,14c,3145728,1,0,25.828532953
3MB,6c,3145728,2,0,3.989574723
3MB,15d,3145728,1,0,15.629169853
3MB,22b,3145728,3,0,18.438089246
3MB,15b,3145728,1,0,15.900324199
3MB,28a,3145728,1,0,21.287124079
3MB,9a,3145728,2,1,40.612001677
3MB,12c,3145728,0,0,17.267694533
3MB,5a,3145728,1,0,14.880320456
3MB,29b,3145728,2,0,44.641583534
3MB,31b,3145728,1,0,47.683329844
3MB,6d,3145728,2,0,4.086036316
3MB,19b,3145728,2,1,45.309687151
3MB,24a,3145728,2,1,53.531241069000004
3MB,33c,3145728,1,0,6.071688598
3MB,1c,3145728,0,0,3.359233281
3MB,8c,3145728,2,1,137.738215932
3MB,16b,3145728,1,0,0.271291192
3MB,13b,3145728,3,0,25.258981986
3MB,6f,3145728,2,1,44.745811332
3MB,1b,3145728,0,0,3.6285806149999997
3MB,20a,3145728,1,0,34.500793866
3MB,16c,3145728,1,0,0.2975969
3MB,13d,3145728,1,0,70.881859947
3MB,30b,3145728,1,0,34.600649397
3MB,21c,3145728,1,0,1.953050486
3MB,26b,3145728,2,1,59.385356856
3MB,3a,3145728,0,0,13.599935171
3MB,27c,3145728,1,0,3.4079713050000002
3MB,30a,3145728,1,0,44.987909853
3MB,17f,3145728,2,0,0.59033789
3MB,33a,3145728,1,0,6.068303424
3MB,32b,3145728,1,0,0.283088144
3MB,19d,3145728,3,1,51.729357849
3MB,27a,3145728,1,0,3.359698743
3MB,5c,3145728,1,0,15.514899499
4MB,9d,4194304,2,1,40.613622622
4MB,21a,4194304,1,0,1.875126516
4MB,8b,4194304,2,0,30.365844437
4MB,25b,4194304,1,0,43.856213318
4MB,11b,4194304,0,0,1.94734514
4MB,19c,4194304,2,1,54.195919527
4MB,25a,4194304,1,0,46.3182065
4MB,23a,4194304,0,0,16.359084124
4MB,28c,4194304,1,0,30.766968266
4MB,2c,4194304,0,0,0.270027977
4MB,3b,4194304,0,0,12.899213226
4MB,15a,4194304,0,0,15.901838807
4MB,26c,4194304,2,0,1205.631649927
4MB,22d,4194304,2,0,32.927868903
4MB,31c,4194304,1,0,51.754995065
4MB,22a,4194304,2,0,18.586264084
4MB,7b,4194304,2,0,3.2390064929999998
4MB,16d,4194304,1,0,0.268706398
4MB,13c,4194304,1,0,17.382625607
4MB,15c,4194304,1,0,15.780430019
4MB,10b,4194304,3,0,33.180713902
4MB,12b,4194304,1,0,13.785440606
4MB,1a,4194304,0,0,3.974360051
4MB,24b,4194304,2,0,46.265017687
4MB,31a,4194304,1,0,52.012717092
4MB,25c,4194304,1,1,52.044394372
4MB,7c,4194304,2,0,35.233971325
4MB,3c,4194304,0,0,13.738268423
4MB,5b,4194304,1,0,14.534555785
4MB,21b,4194304,1,0,5.004887861
4MB,4b,4194304,0,0,2.83920267
4MB,18b,4194304,2,0,10.506302589
4MB,27b,4194304,1,0,3.303199509
4MB,6b,4194304,2,0,3.963171798
4MB,13a,4194304,1,0,25.46677465
4MB,22c,4194304,1,0,30.41454174
4MB,2b,4194304,0,0,0.278338246
4MB,8d,4194304,2,1,132.153649836
4MB,23b,4194304,1,0,16.255332153
4MB,2d,4194304,0,0,0.278072173
4MB,4a,4194304,0,0,5.685296994
4MB,20b,4194304,1,0,29.718535929
4MB,17b,4194304,2,0,0.565773413
4MB,29c,4194304,2,0,42.013884328
4MB,17e,4194304,1,0,0.26394414
4MB,6e,4194304,2,0,3.908122391
4MB,4c,4194304,0,0,6.430312735
4MB,14a,4194304,1,0,25.084445541
4MB,9b,4194304,2,1,33.354388984
4MB,7a,4194304,2,0,3.121466003
4MB,11a,4194304,0,0,1.968461378
4MB,11d,4194304,2,0,4.096268438
4MB,18c,4194304,1,1,47.153470355
4MB,6a,4194304,2,0,4.033773294
4MB,20c,4194304,1,0,104.466361036
4MB,18a,4194304,1,1,60.372772514
4MB,17a,4194304,1,0,0.264479331
4MB,17d,4194304,2,0,0.593872439
4MB,30c,4194304,2,1,63.171309793
4MB,14b,4194304,2,0,15.595137366
4MB,23c,4194304,0,0,16.386349732
4MB,1d,4194304,0,0,3.783392089
4MB,2a,4194304,0,0,0.278798132
4MB,8a,4194304,2,1,32.55180864
4MB,17c,4194304,2,0,0.558323831
4MB,12a,4194304,0,0,14.978317764
4MB,11c,4194304,1,0,6.116774986
4MB,32a,4194304,1,0,0.267344122
4MB,28b,4194304,0,0,18.666745252
4MB,33b,4194304,1,0,6.070098582
4MB,9c,4194304,2,1,41.391712849
4MB,26a,4194304,2,1,55.831281534
4MB,10c,4194304,2,1,41.952142981
4MB,10a,4194304,2,0,34.169847214
4MB,29a,4194304,2,0,49.415699087
4MB,16a,4194304,1,0,0.280436298
4MB,19a,4194304,2,1,53.468111426
4MB,14c,4194304,1,0,25.085840446
4MB,6c,4194304,2,0,4.002565168
4MB,15d,4194304,1,0,15.493971234
4MB,22b,4194304,2,0,18.11846173
4MB,15b,4194304,1,0,15.937479647
4MB,28a,4194304,1,0,20.96596713
4MB,9a,4194304,2,1,40.091157304
4MB,12c,4194304,0,0,16.912159189
4MB,5a,4194304,1,0,14.923124132
4MB,29b,4194304,2,0,45.066599496
4MB,31b,4194304,1,0,47.646552152
4MB,6d,4194304,2,0,4.01413687
4MB,19b,4194304,2,1,45.335803728
4MB,24a,4194304,2,1,53.662242343
4MB,33c,4194304,1,0,6.05399417
4MB,1c,4194304,0,0,3.415914283
4MB,8c,4194304,2,1,144.196467942
4MB,16b,4194304,1,0,0.26878029
4MB,13b,4194304,1,0,17.903153764
4MB,6f,4194304,2,1,44.484401162
4MB,1b,4194304,0,0,3.77008609
4MB,20a,4194304,1,0,34.913137308
4MB,16c,4194304,1,0,0.27290916
4MB,13d,4194304,1,0,82.148068639
4MB,30b,4194304,1,0,34.880207871
4MB,21c,4194304,1,0,1.965866909
4MB,26b,4194304,2,1,54.666997149
4MB,3a,4194304,0,0,13.397400348
4MB,27c,4194304,1,0,3.406620853
4MB,30a,4194304,1,0,45.759362776
4MB,17f,4194304,2,0,0.583756702
4MB,33a,4194304,1,0,6.009641434
4MB,32b,4194304,1,0,0.263735424
4MB,19d,4194304,3,1,51.756023339
4MB,27a,4194304,1,0,3.349424378
4MB,5c,4194304,1,0,15.372642666
6MB,9d,6291456,2,1,41.06192121
6MB,21a,6291456,1,0,1.876554901
6MB,8b,6291456,2,0,30.080527269
6MB,25b,6291456,1,0,44.694115036
6MB,11b,6291456,0,0,1.9278293180000001
6MB,19c,6291456,2,1,54.781111
6MB,25a,6291456,1,0,46.476452996
6MB,23a,6291456,0,0,16.217296387
6MB,28c,6291456,1,0,26.018838135
6MB,2c,6291456,0,0,0.264061444
6MB,3b,6291456,0,0,13.046853397
6MB,15a,6291456,0,0,16.254327429
6MB,26c,6291456,2,0,1203.474472553
6MB,22d,6291456,2,0,31.834127843
6MB,31c,6291456,1,0,52.188532556
6MB,22a,6291456,2,0,18.61809873
6MB,7b,6291456,2,0,3.218144159
6MB,16d,6291456,1,0,0.262869379
6MB,13c,6291456,1,0,18.256976073
6MB,15c,6291456,1,0,15.535276321
6MB,10b,6291456,3,0,33.26880384
6MB,12b,6291456,1,0,13.784881729
6MB,1a,6291456,0,0,4.066335525
6MB,24b,6291456,2,0,46.61658942
6MB,31a,6291456,1,0,53.068634976
6MB,25c,6291456,1,1,52.274480954
6MB,7c,6291456,2,0,35.619493485
6MB,3c,6291456,0,0,13.762359107
6MB,5b,6291456,1,0,3.907381144
6MB,21b,6291456,1,0,4.959577432
6MB,4b,6291456,0,0,2.803878538
6MB,18b,6291456,2,0,10.549011452
6MB,27b,6291456,1,0,3.328848453
6MB,6b,6291456,2,0,3.99839099
6MB,13a,6291456,1,0,25.184246966
6MB,22c,6291456,1,0,29.821093776
6MB,2b,6291456,0,0,0.274041272
6MB,8d,6291456,2,1,138.826400792
6MB,23b,6291456,1,0,16.361292414
6MB,2d,6291456,0,0,0.2920948
6MB,4a,6291456,0,0,5.308969346
6MB,20b,6291456,1,0,29.430294317
6MB,17b,6291456,2,0,0.561323255
6MB,29c,6291456,0,0,2392.976337819
6MB,17e,6291456,1,0,0.284769823
6MB,6e,6291456,2,0,4.100157771
6MB,4c,6291456,0,0,5.910781192
6MB,14a,6291456,1,0,24.582749807
6MB,9b,6291456,2,1,33.066620219
6MB,7a,6291456,2,0,3.184638332
6MB,11a,6291456,1,0,1.981614118
6MB,11d,6291456,2,0,4.096721842
6MB,18c,6291456,1,1,46.765925138
6MB,6a,6291456,2,0,3.950975723
6MB,20c,6291456,1,0,103.123972045
6MB,18a,6291456,1,0,63.508805753
6MB,17a,6291456,1,0,0.268437705
6MB,17d,6291456,2,0,0.605106453
6MB,30c,6291456,2,1,59.855178329
6MB,14b,6291456,2,0,15.315678775
6MB,23c,6291456,0,0,16.256652905
6MB,1d,6291456,0,0,3.66863628
6MB,2a,6291456,0,0,0.278643199
6MB,8a,6291456,2,1,32.545719297
6MB,17c,6291456,2,0,0.551012218
6MB,12a,6291456,0,0,15.01640857
6MB,11c,6291456,1,0,6.046528331
6MB,32a,6291456,1,0,0.270551419
6MB,28b,6291456,0,0,18.457228216
6MB,33b,6291456,1,0,6.1531476099999995
6MB,9c,6291456,2,1,40.983199442
6MB,26a,6291456,2,1,56.244305644
6MB,10c,6291456,2,1,42.066404644
6MB,10a,6291456,2,0,33.851731671
6MB,29a,6291456,2,0,43.122113649
6MB,16a,6291456,1,0,0.268340591
6MB,19a,6291456,2,1,53.112573878
6MB,14c,6291456,1,0,24.517954391
6MB,6c,6291456,2,0,4.1187191
6MB,15d,6291456,1,0,15.923355587
6MB,22b,6291456,2,0,18.270520213
6MB,15b,6291456,1,0,16.136985232
6MB,28a,6291456,1,0,21.199745181
6MB,9a,6291456,2,1,39.70167067
6MB,12c,6291456,0,0,17.209412653
6MB,5a,6291456,1,0,15.039697437
6MB,29b,6291456,2,0,44.987705041
6MB,31b,6291456,1,0,48.189005797
6MB,6d,6291456,2,0,3.973141338
6MB,19b,6291456,2,0,45.23410033
6MB,24a,6291456,2,1,53.4669565
6MB,33c,6291456,1,0,6.041217316
6MB,1c,6291456,0,0,3.460258327
6MB,8c,6291456,2,1,150.465068422
6MB,16b,6291456,1,0,0.265852996
6MB,13b,6291456,1,0,18.332195773
6MB,6f,6291456,2,1,44.434913055
6MB,1b,6291456,0,0,3.731651629
6MB,20a,6291456,1,0,34.78110165
6MB,16c,6291456,1,0,0.300012347
6MB,13d,6291456,1,0,94.022006216
6MB,30b,6291456,2,0,47.144352315
6MB,21c,6291456,1,0,2.007198772
6MB,26b,6291456,2,1,55.853812975
6MB,3a,6291456,0,0,13.433882481
6MB,27c,6291456,1,0,3.42786326
6MB,30a,6291456,1,0,45.262658137
6MB,17f,6291456,2,0,0.591876138
6MB,33a,6291456,1,0,5.997562834
6MB,32b,6291456,1,0,0.267368501
6MB,19d,6291456,3,1,51.982761933
6MB,27a,6291456,1,0,3.360903809
6MB,5c,6291456,1,0,15.383771695
